name,ean
Organization to two together.,4836810209885
Represent recent lot.,2668829157992
Wall important event bank.,6371019679643
Tax ball candidate wonder.,7887131090512
Message relate Mrs.,7035615446199
Agency likely happen start.,107610691403
Heart policy discuss each.,5813368043474
Minute interesting air big.,4999734182440
Allow every try more.,7096797032181
One but face beyond before.,6324442001130
Tv full same type seek.,6586222245749
Contain others buy.,5261286562728
Miss bed age onto Mrs up.,7888350902181
Dream teacher lead company.,9513738813695
Idea no really idea form.,6552831457989
Assume source decision set.,9385265322281
Eight source without kitchen.,393442949366
Person minute we cut police.,7866399535003
Professional find have nor.,3392101317475
Seek hit accept blue.,9483121099251
From among region.,4306766748146
Month score how send with.,5195971450987
Support artist themselves.,9027834433560
Home family hear what.,4374164807840
Gun lead shoulder prepare.,3923352976922
Occur think player cup.,2499542658448
National sport chance hear.,6687658548012
Finish this cold citizen.,3369586461443
Wear act glass stay decade.,10348179993
Month school such.,8008987643601
Of I perhaps remain.,4169514080284
Process happen law accept.,1821890936465
Quite alone military book.,1735806256786
My would kid.,1981829841656
Firm here avoid film.,7993139088571
Front heavy west.,9503474841632
Degree meet without let.,7729546337502
Customer let impact draw.,528623153410
Too friend have often.,5446156002690
Here close a citizen.,6086058961542
From how identify modern.,3572897097212
Anyone on may project.,726082325762
Imagine pressure face good.,3034722061824
Machine thousand lose window.,4700776260450
Risk police much.,6151684265453
Community country time along.,5398717376859
My five moment national.,5107919285889
Age thus work statement.,3470887404647
Road will especially term.,6293510033109
Help whose democratic.,6557141765298
Special forward up case.,6597758341881
Seven capital pull dog.,9163116888458
Few exactly others question.,5614501699875
Image give quickly.,1571665726196
Role follow though remember.,6665455694743
Director view region expect.,6008348064801
Six million thank fund.,645982758572
Alone school call indeed.,477646038122
Human summer analysis modern.,6615782696927
How care group land large.,5740752328568
Into watch hand four white.,8833699781972
Beat allow system so popular.,419754895419
Experience guy watch job.,4111443888721
Second try matter white now.,9019074476902
Building tough financial.,8049767294040
Score give stop quickly.,5911839041384
Every trade crime.,1248215352272
Because include poor hundred.,7076382576849
Also direction training have.,8826432942655
Force from story north.,5973387616957
Investment might act.,2421439966114
Those red produce simple.,1498131146879
Feel heavy smile television.,8503767400004
Much board gun.,9634288514327
Ability particularly other.,5517790126964
Owner per group him become.,6010501948439
Discuss vote we car myself.,867504935913
Night medical agree wall.,9137584784895
Rest student everybody big.,8840090664629
Bad guy bit responsibility.,6945270488582
To idea firm task interview.,979366380999
Office watch dog still dog.,8300382722760
Down former wait by its.,7485971073704
It whose way hair check she.,7578273189492
Find game require understand.,8695055621540
Sure American east another.,6801867947996
Seek book short name but.,3684119690375
Those thank half sort.,4298365384163
Believe return too law.,7155665456488
Unit nation middle I close.,2612175899686
Onto age politics.,9323231552188
Lay drive small cost cost.,7423030522367
Second season natural under.,9986672178586
Report inside why life drug.,2161051681513
Left move draw.,470397590949
Wind staff agree security.,4085774402843
Dream kind area.,6219275064929
Mind so there heavy.,3496138394260
Republican tend town by.,1094691100094
Challenge page bed.,4931842900950
Also behind choice area.,3119308275816
Discover day add.,2359184765716
To house hotel above local.,8209543908169
Employee risk rock.,7554624349661
Stay stop stand into.,7792583683185
Election low account away.,704222186855
Mrs plant prevent time worry.,7259171158727
Behavior person second gas.,8138037066781
Leg dinner it knowledge.,9474724214431
Popular buy citizen.,5580256621532
Today modern address back.,1657334794250
Dark meeting mother choose.,5467554460424
Cup lawyer myself event put.,6729599087073
Church film project see.,2577120388212
Campaign sport set.,5692266376361
Commercial letter dog.,4399872510097
Line anyone maybe pay rather.,7050342488953
Summer film listen.,9822035831371
Modern parent point seven.,3007914610858
Realize many who writer.,5895022827163
Hear physical different.,504392018297
Manage despite within.,211244478290
Agreement bed collection.,9553714228525
Top accept guy book.,3818939415447
Condition answer edge maybe.,6552831457989
Mean modern camera.,1510639208757
Subject town here.,5261286562728
Feel far certainly boy.,362749732575
Control would arrive ago.,2708937358635
Include thousand one chance.,1660218051486
Ball world position among.,9176569868878
Cost particular occur across.,2846852925980
Join make tax develop.,8905343276193
Upon goal himself any.,8190435069450
Task these wrong.,3922785200123
Health peace building true.,7492928846212
Page nation teacher personal.,5952367342321
Share against war.,7734105071322
This action none force.,6894356483556
Form road seat fight.,4381855897400
Expect study fish bring.,4805178632826
Seek why some without.,8235922829244
My experience tell.,7558726339582
Watch officer tree avoid.,5416824869115
List world week move year.,5149297851782
Voice figure either ask.,6143064143871
Summer baby future.,3060320408037
Property six able.,9058690470420
Three low parent buy per yet.,6758768415225
Kitchen style develop so.,9818969935452
Usually college week.,3163792633966
Run place chair moment seek.,5867563809281
Positive real week weight.,7910974155008
Story ten gun.,9133204963510
Himself produce event effort.,7503162547466
Describe increase ever arm.,8626408174482
Guess building fight up team.,9474842487595
Attack dream into.,5238813182001
Day month back course room.,9107547373015
Show event city chance none.,8467984433521
Election over color choice.,6721316765080
Buy follow road skill Mr.,8632166051224
Minute old always ask.,8000500306239
Throw six nothing method.,7614296522394
Chair natural author mission.,5128425086845
Goal off recent.,9086908733203
Take western pretty expert.,6769301324065
Power leader first too.,1518393825463
Ask so resource.,6754074045576
Six which door turn loss.,6693635464312
Far culture real.,6949184337431
Rich theory any could.,5909248203202
Should new force future.,6813352795630
Him peace material.,5825321424022
Resource pattern peace focus.,9108884990033
Street music national man.,2326786129666
Oil hand type over meet.,8571444362037
May feel property those.,3870663330212
Field story foot.,7842097406593
Allow hair nothing doctor.,8686786877429
Within write gas trouble.,4815369625872
Set by hotel laugh station.,8641515224608
People wonder some beautiful.,7188450628418
Allow talk court.,8417666316758
Which safe PM win have east.,5004084360291
People dream wife tell class.,3861579549980
Listen thought analysis put.,1458419005649
Finish well sit culture.,1047504813605
Him beat certain eye bad.,9402346687135
Page weight share half.,9212394051952
Case option too so machine.,5205670224649
Miss size institution big.,852536671984
Wife job professor maintain.,9831637669657
Grow seven business leg.,6733696016881
Risk upon imagine skin.,2335257597651
Become drive course although.,9201114140076
Can prove consumer along.,1904601689284
Son subject resource.,1315653892681
Enter Congress stand.,2049684816635
Travel wait across war.,6309455136390
Friend record that yet.,983019910716
Third arrive throughout hour.,5261286562728
Into civil PM cover bank not.,3251191172220
Then under can.,1965105905102
Have memory imagine Mrs.,9711842810719
Decision vote part.,7981720383914
Positive learn who remain.,8666991946745
General occur determine.,1571108314461
Enjoy anyone skill news.,517737783842
Age mouth but indicate away.,8158953005107
Most act reality fact sea.,7610174650807
Professor first here major.,158055067889
Family read wish small.,9294369851187
Not hold candidate up.,5193241427868
Bit again he.,405382640675
Which name color stock.,1147843478807
Stay fight when very visit.,1523021056751
Difficult bank job.,9407472613447
Herself son end democratic.,905257303358
Best season my question past.,5640212147343
Type cost seek art.,338648310527
Back employee none total.,5612864049238
Body teacher money fire keep.,6462767526027
Article who unit fine bad.,9256972268851
Later final mention.,3180827960613
Up friend east receive.,2132747047456
Hear opportunity note that.,2299494303355
Home none challenge let.,2892978030763
Factor save car.,1423095100551
Wife product fish series.,9937390630696
Wife model exist up.,1383903243392
Wrong visit spend detail.,7099409327248
Address book argue.,6580928404295
Different report red still.,8358581511647
Film argue data team.,6119941703025
By design land new.,6369400691923
Common teach student street.,9498684673626
Work issue local once child.,4751492913175
Stuff it significant.,3451768512439
Majority sound many town.,4756840586438
Else really matter around.,1983642883998
Your room wish lose.,450113765158
Industry himself where.,6907221174395
Attention bed pass two draw.,9320595501630
Agree doctor ever.,2189784362486
During turn week.,5362690545199
World door whose.,6552831457989
Fear let six alone.,5261286562728
Beyond impact person.,6764729803369
City type forget should.,3586141427977
Material rule present action.,2657810440731
One should trade.,9129854379535
Chair off song else issue.,9001098341502
Soon leader say everything.,3835492374776
Less fly free form make.,8650667010410
Both during save push.,7009458229639
Lose since rate interview.,6978817280530
South audience than big.,4123270985238
Hotel word keep make.,6681498491958
Speech economic number class.,725203429709
Century phone mean.,6725959283635
Daughter common site mouth.,7085424039228
Win yet can investment.,407436174945
Least push we important.,4475803886537
Safe best attention involve.,9566362717068
Range start water.,3039950301483
Seem final by.,3917343768016
Popular rule leg stop.,6193376811463
Future worry ready certain.,9704436197235
Field the out trouble.,1993235347721
Produce force world.,2998068664624
Ground important opportunity.,8897294430727
Old real author.,9082120158626
Pay type crime.,37199103397
Discuss car shake reveal.,3141568755432
Medical traditional new dog.,9551279185406
Stuff member why everybody.,724636764999
Author large information.,1186695571861
Call card reality theory.,2328470996653
Over fire appear none.,6021365803178
Art own program thought add.,2099900539039
Mean red which.,5436477262842
Same research phone data.,7857731763963
Expert more I senior focus.,2469343218103
Plan him away them.,764783467756
Result radio ready.,108665060985
Term music forget probably.,3751851252816
Hard trade next finally.,2156233193410
Month movement between fill.,1597644469168
Tree scientist report later.,7448296391212
Should cup any trouble.,8770751468702
Exactly price no.,8211473443054
Compare member prevent arm.,1106068183736
Kind three cut.,406580284029
Plan hope oil. At pay town.,6506624293377
Part someone wear sound.,9251526488983
Travel suggest term unit.,5036999894936
